{
    "@context": "https://w3id.org/ro/crate/1.1/context",
    "@graph": [
        {
            "@id": "./",
            "@type": "Dataset",
            "datePublished": "2023-07-25T13:09:44+00:00",
            "hasPart": [
                {
                    "@id": "https://example.com/datasets/dmitry-smirnov/"
                }
            ]
        },
        {
            "@id": "ro-crate-metadata.json",
            "@type": "CreativeWork",
            "about": {
                "@id": "./"
            },
            "conformsTo": {
                "@id": "https://w3id.org/ro/crate/1.1"
            }
        },
        {
            "@context": {
                "dcterms": "http://purl.org/dc/terms/",
                "schema": "http://schema.org/",
                "soso": "https://github.com/ci-compass/science-on-schema.org"
            },
            "@id": "https://example.com/datasets/dmitry-smirnov",
            "@type": "schema:Dataset",
            "dcterms:creator": "Dmitry Smirnov",
            "dcterms:title": "Dmitry Smirnov's Data Acquisition Info",
            "schema:Description": "This is an example instrument.",
            "soso:LandingPage": {
                "@id": "https://nationalmaglab.org/research/research-groups/condensed-matter-science/instruments/",
                "@type": "schema:URL"
            },
            "soso:Manufacturer": [
                {
                    "@type": "schema:Organization",
                    "schema:name": "Princeton Instruments",
                    "soso:manufacturerIdentifier": {
                        "@type": "schema:Text",
                        "@value": "example-manufacturer-123"
                    }
                }
            ],
            "soso:Owner": [
                {
                    "@type": "schema:Person",
                    "schema:email": "janedoe@example.com",
                    "schema:name": "Jane Doe",
                    "soso:ownerIdentifier": {
                        "@id": "https://orcid.org/0000-0000-XXXX-XXXX",
                        "@type": "schema:URL"
                    }
                },
                {
                    "@type": "schema:Organization",
                    "schema:email": "janedoe@example.com",
                    "schema:name": "National High Magnetic Field Laboratory",
                    "soso:ownerIdentifier": {
                        "@id": "https://ror.org/03s53g630",
                        "@type": "schema:URL"
                    }
                }
            ],
            "soso:SchemaVersion": "1.0",
            "soso:acquisitionTime": {
                "@type": "schema:Float",
                "@value": 2.0
            },
            "soso:centralFrequency": {
                "@type": "schema:Float",
                "@value": 720.0
            },
            "soso:experimentType": {
                "@type": "schema:Text",
                "@value": "PL"
            },
            "soso:instrument": {
                "@type": "schema:Text",
                "@value": "HRS750"
            },
            "soso:lightSource": {
                "@type": "schema:Text",
                "@value": "633nm-100uW"
            },
            "soso:magnetSystem": {
                "@type": "schema:Text",
                "@value": "SCM3"
            },
            "soso:magneticField": {
                "@type": "schema:Float",
                "@value": 0.0
            },
            "soso:objectiveNA": {
                "@type": "schema:Float",
                "@value": 0.65
            },
            "soso:sampleShortName": {
                "@type": "schema:Text",
                "@value": "WSe2-MoSe2"
            },
            "soso:slit": {
                "@type": "schema:Float",
                "@value": 30.0
            },
            "soso:temperature": {
                "@type": "schema:Float",
                "@value": 10.0
            }
        },
        {
            "@id": "schema:Person",
            "@type": "Thing",
            "schema:email": "janedoe@example.com",
            "schema:name": "Jane Doe",
            "soso:ownerIdentifier": {
                "@id": "https://orcid.org/0000-0000-XXXX-XXXX",
                "@type": "schema:URL"
            }
        },
        {
            "@id": "schema:Organization",
            "@type": "Thing",
            "schema:name": "Princeton Instruments",
            "soso:manufacturerIdentifier": {
                "@type": "schema:Text",
                "@value": "example-manufacturer-123"
            }
        }
    ]
}